,Mean,St Dev
0,0.12232878523513542,0.023072745772018215
1,0.12232878523513542,0.023072745772018215
2,0.12232878523513542,0.023072745772018215
3,0.12232878523513542,0.023072745772018215
4,0.12232878523513542,0.023072745772018215
5,0.12232878523513542,0.023072745772018215
6,0.12232878523513542,0.023072745772018215
7,0.12232878523513542,0.023072745772018215
8,0.12232878523513542,0.023072745772018215
9,0.12232878523513542,0.023072745772018215
10,0.12232878523513542,0.023072745772018215
11,0.12232878523513542,0.023072745772018215
12,0.12232878523513542,0.023072745772018215
13,0.12232878523513542,0.023072745772018215
14,0.12232878523513542,0.023072745772018215
15,0.12232878523513542,0.023072745772018215
16,0.12232878523513542,0.023072745772018215
17,0.12232878523513542,0.023072745772018215
18,0.12232878523513542,0.023072745772018215
19,0.12232878523513542,0.023072745772018215
20,0.12232878523513542,0.023072745772018215
21,0.12232878523513542,0.023072745772018215
22,0.12232878523513542,0.023072745772018215
23,0.12232878523513542,0.023072745772018215
24,0.12232878523513542,0.023072745772018215
25,0.12232878523513542,0.023072745772018215
26,0.12232878523513542,0.023072745772018215
27,0.12232878523513542,0.023072745772018215
28,0.12232878523513542,0.023072745772018215
29,0.12232878523513542,0.023072745772018215
30,0.12232878523513542,0.023072745772018215
31,0.12232878523513542,0.023072745772018215
32,0.12232878523513542,0.023072745772018215
33,0.12232878523513542,0.023072745772018215
34,0.12232878523513542,0.023072745772018215
35,0.12232878523513542,0.023072745772018215
36,0.12232878523513542,0.023072745772018215
37,0.12232878523513542,0.023072745772018215
38,0.12232878523513542,0.023072745772018215
39,0.12232878523513542,0.023072745772018215
40,0.12232878523513542,0.023072745772018215
41,0.12232878523513542,0.023072745772018215
42,0.12232878523513542,0.023072745772018215
43,0.12232878523513542,0.023072745772018215
44,0.12232878523513542,0.023072745772018215
45,0.12232878523513542,0.023072745772018215
46,0.12232878523513542,0.023072745772018215
47,0.12232878523513542,0.023072745772018215
48,0.12232878523513542,0.023072745772018215
49,0.12232878523513542,0.023072745772018215
50,0.12232878523513542,0.023072745772018215
51,0.12232878523513542,0.023072745772018215
52,0.12232878523513542,0.023072745772018215
53,0.12232878523513542,0.023072745772018215
54,0.12232878523513542,0.023072745772018215
55,0.12232878523513542,0.023072745772018215
56,0.12232878523513542,0.023072745772018215
57,0.12232878523513542,0.023072745772018215
58,0.12232878523513542,0.023072745772018215
59,0.12232878523513542,0.023072745772018215
60,0.12232878523513542,0.023072745772018215
61,0.12232878523513542,0.023072745772018215
62,0.12232878523513542,0.023072745772018215
63,0.12232878523513542,0.023072745772018215
64,0.12232878523513542,0.023072745772018215
65,0.12232878523513542,0.023072745772018215
66,0.12232878523513542,0.023072745772018215
67,0.12232878523513542,0.023072745772018215
68,0.12232878523513542,0.023072745772018215
69,0.12232878523513542,0.023072745772018215
70,0.12232878523513542,0.023072745772018215
71,0.12232878523513542,0.023072745772018215
72,0.12232878523513542,0.023072745772018215
73,0.12232878523513542,0.023072745772018215
74,0.12232878523513542,0.023072745772018215
75,0.12232878523513542,0.023072745772018215
76,0.12232878523513542,0.023072745772018215
77,0.12232878523513542,0.023072745772018215
78,0.12232878523513542,0.023072745772018215
79,0.12232878523513542,0.023072745772018215
80,0.12232878523513542,0.023072745772018215
81,0.12232878523513542,0.023072745772018215
82,0.12232878523513542,0.023072745772018215
83,0.12232878523513542,0.023072745772018215
84,0.12232878523513542,0.023072745772018215
85,0.12232878523513542,0.023072745772018215
86,0.12232878523513542,0.023072745772018215
87,0.12232878523513542,0.023072745772018215
88,0.12232878523513542,0.023072745772018215
89,0.12232878523513542,0.023072745772018215
90,0.12232878523513542,0.023072745772018215
91,0.12232878523513542,0.023072745772018215
92,0.12232878523513542,0.023072745772018215
93,0.12232878523513542,0.023072745772018215
94,0.12232878523513542,0.023072745772018215
95,0.12232878523513542,0.023072745772018215
96,0.12232878523513542,0.023072745772018215
97,0.12232878523513542,0.023072745772018215
98,0.12232878523513542,0.023072745772018215
99,0.12232878523513542,0.023072745772018215
100,0.12232878523513542,0.023072745772018215
101,0.12232878523513542,0.023072745772018215
102,0.12232878523513542,0.023072745772018215
103,0.12232878523513542,0.023072745772018215
104,0.12232878523513542,0.023072745772018215
105,0.12232878523513542,0.023072745772018215
106,0.12232878523513542,0.023072745772018215
107,0.12232878523513542,0.023072745772018215
108,0.12232878523513542,0.023072745772018215
109,0.12232878523513542,0.023072745772018215
110,0.12232878523513542,0.023072745772018215
111,0.12232878523513542,0.023072745772018215
112,0.12232878523513542,0.023072745772018215
113,0.12232878523513542,0.023072745772018215
114,0.12232878523513542,0.023072745772018215
115,0.12232878523513542,0.023072745772018215
116,0.12232878523513542,0.023072745772018215
117,0.12232878523513542,0.023072745772018215
118,0.12232878523513542,0.023072745772018215
119,0.12232878523513542,0.023072745772018215
120,0.12232878523513542,0.023072745772018215
121,0.12232878523513542,0.023072745772018215
122,0.12232878523513542,0.023072745772018215
123,0.12232878523513542,0.023072745772018215
124,0.12232878523513542,0.023072745772018215
125,0.12232878523513542,0.023072745772018215
126,0.12232878523513542,0.023072745772018215
127,0.12232878523513542,0.023072745772018215
128,0.12232878523513542,0.023072745772018215
129,0.12232878523513542,0.023072745772018215
130,0.12232878523513542,0.023072745772018215
131,0.12232878523513542,0.023072745772018215
132,0.12232878523513542,0.023072745772018215
133,0.12232878523513542,0.023072745772018215
134,0.12232878523513542,0.023072745772018215
135,0.12232878523513542,0.023072745772018215
136,0.12232878523513542,0.023072745772018215
137,0.12232878523513542,0.023072745772018215
138,0.12232878523513542,0.023072745772018215
139,0.12232878523513542,0.023072745772018215
140,0.12232878523513542,0.023072745772018215
141,0.12232878523513542,0.023072745772018215
142,0.12232878523513542,0.023072745772018215
143,0.12232878523513542,0.023072745772018215
144,0.12232878523513542,0.023072745772018215
145,0.12232878523513542,0.023072745772018215
146,0.12232878523513542,0.023072745772018215
147,0.12232878523513542,0.023072745772018215
148,0.12232878523513542,0.023072745772018215
149,0.12232878523513542,0.023072745772018215
150,0.12232878523513542,0.023072745772018215
151,0.12232878523513542,0.023072745772018215
152,0.12232878523513542,0.023072745772018215
153,0.12232878523513542,0.023072745772018215
154,0.12232878523513542,0.023072745772018215
155,0.12232878523513542,0.023072745772018215
156,0.12232878523513542,0.023072745772018215
157,0.12232878523513542,0.023072745772018215
158,0.12232878523513542,0.023072745772018215
159,0.12232878523513542,0.023072745772018215
160,0.12232878523513542,0.023072745772018215
161,0.12232878523513542,0.023072745772018215
162,0.12232878523513542,0.023072745772018215
163,0.12232878523513542,0.023072745772018215
164,0.12232878523513542,0.023072745772018215
165,0.12232878523513542,0.023072745772018215
166,0.12232878523513542,0.023072745772018215
167,0.12232878523513542,0.023072745772018215
168,0.12232878523513542,0.023072745772018215
169,0.12232878523513542,0.023072745772018215
170,0.12232878523513542,0.023072745772018215
171,0.12232878523513542,0.023072745772018215
172,0.12232878523513542,0.023072745772018215
173,0.12232878523513542,0.023072745772018215
174,0.12232878523513542,0.023072745772018215
175,0.12232878523513542,0.023072745772018215
176,0.12232878523513542,0.023072745772018215
177,0.12232878523513542,0.023072745772018215
178,0.12232878523513542,0.023072745772018215
179,0.12232878523513542,0.023072745772018215
180,0.12232878523513542,0.023072745772018215
181,0.12232878523513542,0.023072745772018215
182,0.12232878523513542,0.023072745772018215
183,0.12232878523513542,0.023072745772018215
184,0.12232878523513542,0.023072745772018215
185,0.12232878523513542,0.023072745772018215
186,0.12232878523513542,0.023072745772018215
187,0.12232878523513542,0.023072745772018215
188,0.12232878523513542,0.023072745772018215
189,0.12232878523513542,0.023072745772018215
190,0.12232878523513542,0.023072745772018215
191,0.12232878523513542,0.023072745772018215
192,0.12232878523513542,0.023072745772018215
193,0.12232878523513542,0.023072745772018215
194,0.12232878523513542,0.023072745772018215
195,0.12232878523513542,0.023072745772018215
196,0.12232878523513542,0.023072745772018215
197,0.12232878523513542,0.023072745772018215
198,0.12232878523513542,0.023072745772018215
199,0.12232878523513542,0.023072745772018215
200,0.12232878523513542,0.023072745772018215
201,0.12232878523513542,0.023072745772018215
202,0.12232878523513542,0.023072745772018215
203,0.12232878523513542,0.023072745772018215
204,0.12232878523513542,0.023072745772018215
205,0.12232878523513542,0.023072745772018215
206,0.12232878523513542,0.023072745772018215
207,0.12232878523513542,0.023072745772018215
208,0.12232878523513542,0.023072745772018215
209,0.12232878523513542,0.023072745772018215
210,0.12232878523513542,0.023072745772018215
211,0.12232878523513542,0.023072745772018215
212,0.12232878523513542,0.023072745772018215
213,0.12232878523513542,0.023072745772018215
214,0.12232878523513542,0.023072745772018215
215,0.12232878523513542,0.023072745772018215
216,0.12232878523513542,0.023072745772018215
217,0.12232878523513542,0.023072745772018215
218,0.12232878523513542,0.023072745772018215
219,0.12232878523513542,0.023072745772018215
220,0.12232878523513542,0.023072745772018215
221,0.12232878523513542,0.023072745772018215
222,0.12232878523513542,0.023072745772018215
223,0.12232878523513542,0.023072745772018215
224,0.12232878523513542,0.023072745772018215
225,0.12232878523513542,0.023072745772018215
226,0.12232878523513542,0.023072745772018215
227,0.12232878523513542,0.023072745772018215
228,0.12232878523513542,0.023072745772018215
229,0.12232878523513542,0.023072745772018215
230,0.12232878523513542,0.023072745772018215
231,0.12232878523513542,0.023072745772018215
232,0.12232878523513542,0.023072745772018215
233,0.12232878523513542,0.023072745772018215
234,0.12232878523513542,0.023072745772018215
235,0.12232878523513542,0.023072745772018215
236,0.12232878523513542,0.023072745772018215
237,0.12232878523513542,0.023072745772018215
238,0.12232878523513542,0.023072745772018215
239,0.12232878523513542,0.023072745772018215
240,0.12232878523513542,0.023072745772018215
241,0.12232878523513542,0.023072745772018215
242,0.12232878523513542,0.023072745772018215
243,0.12232878523513542,0.023072745772018215
244,0.12232878523513542,0.023072745772018215
245,0.12232878523513542,0.023072745772018215
246,0.12232878523513542,0.023072745772018215
247,0.12232878523513542,0.023072745772018215
248,0.12232878523513542,0.023072745772018215
249,0.12232878523513542,0.023072745772018215
250,0.12232878523513542,0.023072745772018215
251,0.12232878523513542,0.023072745772018215
252,0.12232878523513542,0.023072745772018215
253,0.12232878523513542,0.023072745772018215
254,0.12232878523513542,0.023072745772018215
255,0.12232878523513542,0.023072745772018215
256,0.12232878523513542,0.023072745772018215
257,0.12232878523513542,0.023072745772018215
258,0.12232878523513542,0.023072745772018215
259,0.12232878523513542,0.023072745772018215
260,0.12232878523513542,0.023072745772018215
261,0.12232878523513542,0.023072745772018215
262,0.12232878523513542,0.023072745772018215
263,0.12232878523513542,0.023072745772018215
264,0.12232878523513542,0.023072745772018215
265,0.12232878523513542,0.023072745772018215
266,0.12232878523513542,0.023072745772018215
267,0.12232878523513542,0.023072745772018215
268,0.12232878523513542,0.023072745772018215
269,0.12232878523513542,0.023072745772018215
270,0.12232878523513542,0.023072745772018215
271,0.12232878523513542,0.023072745772018215
272,0.12232878523513542,0.023072745772018215
273,0.12232878523513542,0.023072745772018215
274,0.12232878523513542,0.023072745772018215
275,0.12232878523513542,0.023072745772018215
276,0.12232878523513542,0.023072745772018215
277,0.12232878523513542,0.023072745772018215
278,0.12232878523513542,0.023072745772018215
279,0.12232878523513542,0.023072745772018215
280,0.12232878523513542,0.023072745772018215
281,0.12232878523513542,0.023072745772018215
282,0.12232878523513542,0.023072745772018215
283,0.12232878523513542,0.023072745772018215
284,0.12232878523513542,0.023072745772018215
285,0.12232878523513542,0.023072745772018215
286,0.12232878523513542,0.023072745772018215
287,0.12232878523513542,0.023072745772018215
288,0.12232878523513542,0.023072745772018215
289,0.12232878523513542,0.023072745772018215
290,0.12232878523513542,0.023072745772018215
291,0.12232878523513542,0.023072745772018215
292,0.12232878523513542,0.023072745772018215
293,0.12232878523513542,0.023072745772018215
294,0.12232878523513542,0.023072745772018215
295,0.12232878523513542,0.023072745772018215
296,0.12232878523513542,0.023072745772018215
297,0.12232878523513542,0.023072745772018215
298,0.12232878523513542,0.023072745772018215
299,0.12232878523513542,0.023072745772018215
300,0.12232878523513542,0.023072745772018215
301,0.12232878523513542,0.023072745772018215
302,0.12232878523513542,0.023072745772018215
303,0.12232878523513542,0.023072745772018215
304,0.12232878523513542,0.023072745772018215
305,0.12232878523513542,0.023072745772018215
306,0.12232878523513542,0.023072745772018215
307,0.12232878523513542,0.023072745772018215
308,0.12232878523513542,0.023072745772018215
309,0.12232878523513542,0.023072745772018215
310,0.12232878523513542,0.023072745772018215
311,0.12232878523513542,0.023072745772018215
312,0.12232878523513542,0.023072745772018215
313,0.12232878523513542,0.023072745772018215
314,0.12232878523513542,0.023072745772018215
315,0.12232878523513542,0.023072745772018215
316,0.12232878523513542,0.023072745772018215
317,0.12232878523513542,0.023072745772018215
318,0.12232878523513542,0.023072745772018215
319,0.12232878523513542,0.023072745772018215
320,0.12232878523513542,0.023072745772018215
321,0.12232878523513542,0.023072745772018215
322,0.12232878523513542,0.023072745772018215
323,0.12232878523513542,0.023072745772018215
324,0.12232878523513542,0.023072745772018215
325,0.12232878523513542,0.023072745772018215
326,0.12232878523513542,0.023072745772018215
327,0.12232878523513542,0.023072745772018215
328,0.12232878523513542,0.023072745772018215
329,0.12232878523513542,0.023072745772018215
330,0.12232878523513542,0.023072745772018215
331,0.12232878523513542,0.023072745772018215
332,0.12232878523513542,0.023072745772018215
333,0.12232878523513542,0.023072745772018215
334,0.12232878523513542,0.023072745772018215
335,0.12232878523513542,0.023072745772018215
336,0.12232878523513542,0.023072745772018215
337,0.12232878523513542,0.023072745772018215
338,0.12232878523513542,0.023072745772018215
339,0.12232878523513542,0.023072745772018215
340,0.12232878523513542,0.023072745772018215
341,0.12232878523513542,0.023072745772018215
342,0.12232878523513542,0.023072745772018215
343,0.12232878523513542,0.023072745772018215
344,0.12232878523513542,0.023072745772018215
345,0.12232878523513542,0.023072745772018215
346,0.12232878523513542,0.023072745772018215
347,0.12232878523513542,0.023072745772018215
348,0.12232878523513542,0.023072745772018215
349,0.12232878523513542,0.023072745772018215
350,0.12232878523513542,0.023072745772018215
351,0.12232878523513542,0.023072745772018215
352,0.12232878523513542,0.023072745772018215
353,0.12232878523513542,0.023072745772018215
354,0.12232878523513542,0.023072745772018215
355,0.12232878523513542,0.023072745772018215
356,0.12232878523513542,0.023072745772018215
357,0.12232878523513542,0.023072745772018215
358,0.12232878523513542,0.023072745772018215
359,0.12232878523513542,0.023072745772018215
360,0.12232878523513542,0.023072745772018215
361,0.12232878523513542,0.023072745772018215
362,0.12232878523513542,0.023072745772018215
363,0.12232878523513542,0.023072745772018215
364,0.12232878523513542,0.023072745772018215
365,0.12232878523513542,0.023072745772018215
366,0.12232878523513542,0.023072745772018215
367,0.12232878523513542,0.023072745772018215
368,0.12232878523513542,0.023072745772018215
369,0.12232878523513542,0.023072745772018215
370,0.12232878523513542,0.023072745772018215
371,0.12232878523513542,0.023072745772018215
372,0.12232878523513542,0.023072745772018215
373,0.12232878523513542,0.023072745772018215
374,0.12232878523513542,0.023072745772018215
375,0.12232878523513542,0.023072745772018215
376,0.12232878523513542,0.023072745772018215
377,0.12232878523513542,0.023072745772018215
378,0.12232878523513542,0.023072745772018215
379,0.12232878523513542,0.023072745772018215
380,0.12232878523513542,0.023072745772018215
381,0.12232878523513542,0.023072745772018215
382,0.12232878523513542,0.023072745772018215
383,0.12232878523513542,0.023072745772018215
384,0.12232878523513542,0.023072745772018215
385,0.12232878523513542,0.023072745772018215
386,0.12232878523513542,0.023072745772018215
387,0.12232878523513542,0.023072745772018215
388,0.12232878523513542,0.023072745772018215
389,0.12232878523513542,0.023072745772018215
390,0.12232878523513542,0.023072745772018215
391,0.12232878523513542,0.023072745772018215
392,0.12232878523513542,0.023072745772018215
393,0.12232878523513542,0.023072745772018215
394,0.12232878523513542,0.023072745772018215
395,0.12232878523513542,0.023072745772018215
396,0.12232878523513542,0.023072745772018215
397,0.12232878523513542,0.023072745772018215
398,0.12232878523513542,0.023072745772018215
399,0.12232878523513542,0.023072745772018215
400,0.12232878523513542,0.023072745772018215
401,0.12232878523513542,0.023072745772018215
402,0.12232878523513542,0.023072745772018215
403,0.12232878523513542,0.023072745772018215
404,0.12232878523513542,0.023072745772018215
405,0.12232878523513542,0.023072745772018215
406,0.12232878523513542,0.023072745772018215
407,0.12232878523513542,0.023072745772018215
408,0.12232878523513542,0.023072745772018215
409,0.12232878523513542,0.023072745772018215
410,0.12232878523513542,0.023072745772018215
411,0.12232878523513542,0.023072745772018215
412,0.12232878523513542,0.023072745772018215
413,0.12232878523513542,0.023072745772018215
414,0.12232878523513542,0.023072745772018215
415,0.12232878523513542,0.023072745772018215
416,0.12232878523513542,0.023072745772018215
417,0.12232878523513542,0.023072745772018215
418,0.12232878523513542,0.023072745772018215
419,0.12232878523513542,0.023072745772018215
420,0.12232878523513542,0.023072745772018215
421,0.12232878523513542,0.023072745772018215
422,0.12232878523513542,0.023072745772018215
423,0.12232878523513542,0.023072745772018215
424,0.12232878523513542,0.023072745772018215
425,0.12232878523513542,0.023072745772018215
426,0.12232878523513542,0.023072745772018215
427,0.12232878523513542,0.023072745772018215
428,0.12232878523513542,0.023072745772018215
429,0.12232878523513542,0.023072745772018215
430,0.12232878523513542,0.023072745772018215
431,0.12232878523513542,0.023072745772018215
432,0.12232878523513542,0.023072745772018215
433,0.12232878523513542,0.023072745772018215
434,0.12232878523513542,0.023072745772018215
435,0.12232878523513542,0.023072745772018215
436,0.12232878523513542,0.023072745772018215
437,0.12232878523513542,0.023072745772018215
438,0.12232878523513542,0.023072745772018215
439,0.12232878523513542,0.023072745772018215
440,0.12232878523513542,0.023072745772018215
441,0.12232878523513542,0.023072745772018215
442,0.12232878523513542,0.023072745772018215
443,0.12232878523513542,0.023072745772018215
444,0.12232878523513542,0.023072745772018215
445,0.12232878523513542,0.023072745772018215
446,0.12232878523513542,0.023072745772018215
447,0.12232878523513542,0.023072745772018215
448,0.12232878523513542,0.023072745772018215
449,0.12232878523513542,0.023072745772018215
450,0.12232878523513542,0.023072745772018215
451,0.12232878523513542,0.023072745772018215
452,0.12232878523513542,0.023072745772018215
453,0.12232878523513542,0.023072745772018215
454,0.12232878523513542,0.023072745772018215
455,0.12232878523513542,0.023072745772018215
456,0.12232878523513542,0.023072745772018215
457,0.12232878523513542,0.023072745772018215
458,0.12232878523513542,0.023072745772018215
459,0.12232878523513542,0.023072745772018215
460,0.12232878523513542,0.023072745772018215
461,0.12232878523513542,0.023072745772018215
462,0.12232878523513542,0.023072745772018215
463,0.12232878523513542,0.023072745772018215
464,0.12232878523513542,0.023072745772018215
465,0.12232878523513542,0.023072745772018215
466,0.12232878523513542,0.023072745772018215
467,0.12232878523513542,0.023072745772018215
468,0.12232878523513542,0.023072745772018215
469,0.12232878523513542,0.023072745772018215
470,0.12232878523513542,0.023072745772018215
471,0.12232878523513542,0.023072745772018215
472,0.12232878523513542,0.023072745772018215
473,0.12232878523513542,0.023072745772018215
474,0.12232878523513542,0.023072745772018215
475,0.12232878523513542,0.023072745772018215
476,0.12232878523513542,0.023072745772018215
477,0.12232878523513542,0.023072745772018215
478,0.12232878523513542,0.023072745772018215
479,0.12232878523513542,0.023072745772018215
480,0.12232878523513542,0.023072745772018215
481,0.12232878523513542,0.023072745772018215
482,0.12232878523513542,0.023072745772018215
483,0.12232878523513542,0.023072745772018215
484,0.12232878523513542,0.023072745772018215
485,0.12232878523513542,0.023072745772018215
486,0.12232878523513542,0.023072745772018215
487,0.12232878523513542,0.023072745772018215
488,0.12232878523513542,0.023072745772018215
489,0.12232878523513542,0.023072745772018215
490,0.12232878523513542,0.023072745772018215
491,0.12232878523513542,0.023072745772018215
492,0.12232878523513542,0.023072745772018215
493,0.12232878523513542,0.023072745772018215
494,0.12232878523513542,0.023072745772018215
495,0.12232878523513542,0.023072745772018215
496,0.12232878523513542,0.023072745772018215
497,0.12232878523513542,0.023072745772018215
498,0.12232878523513542,0.023072745772018215
499,0.12232878523513542,0.023072745772018215
500,0.12232878523513542,0.023072745772018215
501,0.12232878523513542,0.023072745772018215
502,0.12232878523513542,0.023072745772018215
503,0.12232878523513542,0.023072745772018215
504,0.12232878523513542,0.023072745772018215
505,0.12232878523513542,0.023072745772018215
506,0.12232878523513542,0.023072745772018215
507,0.12232878523513542,0.023072745772018215
508,0.12232878523513542,0.023072745772018215
509,0.12232878523513542,0.023072745772018215
510,0.12232878523513542,0.023072745772018215
511,0.12232878523513542,0.023072745772018215
512,0.12232878523513542,0.023072745772018215
513,0.12232878523513542,0.023072745772018215
514,0.12232878523513542,0.023072745772018215
515,0.12232878523513542,0.023072745772018215
516,0.12232878523513542,0.023072745772018215
517,0.12232878523513542,0.023072745772018215
518,0.12232878523513542,0.023072745772018215
519,0.12232878523513542,0.023072745772018215
520,0.12232878523513542,0.023072745772018215
521,0.12232878523513542,0.023072745772018215
522,0.12232878523513542,0.023072745772018215
523,0.12232878523513542,0.023072745772018215
524,0.12232878523513542,0.023072745772018215
525,0.12232878523513542,0.023072745772018215
526,0.12232878523513542,0.023072745772018215
527,0.12232878523513542,0.023072745772018215
528,0.12232878523513542,0.023072745772018215
529,0.12232878523513542,0.023072745772018215
530,0.12232878523513542,0.023072745772018215
531,0.12232878523513542,0.023072745772018215
532,0.12232878523513542,0.023072745772018215
533,0.12232878523513542,0.023072745772018215
534,0.12232878523513542,0.023072745772018215
535,0.12232878523513542,0.023072745772018215
536,0.12232878523513542,0.023072745772018215
537,0.12232878523513542,0.023072745772018215
538,0.12232878523513542,0.023072745772018215
539,0.12232878523513542,0.023072745772018215
540,0.12232878523513542,0.023072745772018215
541,0.12232878523513542,0.023072745772018215
542,0.12232878523513542,0.023072745772018215
543,0.12232878523513542,0.023072745772018215
544,0.12232878523513542,0.023072745772018215
545,0.12232878523513542,0.023072745772018215
546,0.12232878523513542,0.023072745772018215
547,0.12232878523513542,0.023072745772018215
548,0.12232878523513542,0.023072745772018215
549,0.12232878523513542,0.023072745772018215
550,0.12232878523513542,0.023072745772018215
551,0.12232878523513542,0.023072745772018215
552,0.12232878523513542,0.023072745772018215
553,0.12232878523513542,0.023072745772018215
554,0.12232878523513542,0.023072745772018215
555,0.12232878523513542,0.023072745772018215
556,0.12232878523513542,0.023072745772018215
557,0.12232878523513542,0.023072745772018215
558,0.12232878523513542,0.023072745772018215
559,0.12232878523513542,0.023072745772018215
560,0.12232878523513542,0.023072745772018215
561,0.12232878523513542,0.023072745772018215
562,0.12232878523513542,0.023072745772018215
563,0.12232878523513542,0.023072745772018215
564,0.12232878523513542,0.023072745772018215
565,0.12232878523513542,0.023072745772018215
566,0.12232878523513542,0.023072745772018215
567,0.12232878523513542,0.023072745772018215
568,0.12232878523513542,0.023072745772018215
569,0.12232878523513542,0.023072745772018215
570,0.12232878523513542,0.023072745772018215
571,0.12232878523513542,0.023072745772018215
572,0.12232878523513542,0.023072745772018215
573,0.12232878523513542,0.023072745772018215
574,0.12232878523513542,0.023072745772018215
575,0.12232878523513542,0.023072745772018215
576,0.12232878523513542,0.023072745772018215
577,0.12232878523513542,0.023072745772018215
578,0.12232878523513542,0.023072745772018215
579,0.12232878523513542,0.023072745772018215
580,0.12232878523513542,0.023072745772018215
581,0.12232878523513542,0.023072745772018215
582,0.12232878523513542,0.023072745772018215
583,0.12232878523513542,0.023072745772018215
584,0.12232878523513542,0.023072745772018215
585,0.12232878523513542,0.023072745772018215
586,0.12232878523513542,0.023072745772018215
587,0.12232878523513542,0.023072745772018215
588,0.12232878523513542,0.023072745772018215
589,0.12232878523513542,0.023072745772018215
590,0.12232878523513542,0.023072745772018215
591,0.12232878523513542,0.023072745772018215
592,0.12232878523513542,0.023072745772018215
593,0.12232878523513542,0.023072745772018215
594,0.12232878523513542,0.023072745772018215
595,0.12232878523513542,0.023072745772018215
596,0.12232878523513542,0.023072745772018215
597,0.12232878523513542,0.023072745772018215
598,0.12232878523513542,0.023072745772018215
599,0.12232878523513542,0.023072745772018215
600,0.12232878523513542,0.023072745772018215
601,0.12232878523513542,0.023072745772018215
602,0.12232878523513542,0.023072745772018215
603,0.12232878523513542,0.023072745772018215
604,0.12232878523513542,0.023072745772018215
605,0.12232878523513542,0.023072745772018215
606,0.12232878523513542,0.023072745772018215
607,0.12232878523513542,0.023072745772018215
608,0.12232878523513542,0.023072745772018215
609,0.12232878523513542,0.023072745772018215
610,0.12232878523513542,0.023072745772018215
611,0.12232878523513542,0.023072745772018215
612,0.12232878523513542,0.023072745772018215
613,0.12232878523513542,0.023072745772018215
614,0.12232878523513542,0.023072745772018215
615,0.12232878523513542,0.023072745772018215
616,0.12232878523513542,0.023072745772018215
617,0.12232878523513542,0.023072745772018215
618,0.12232878523513542,0.023072745772018215
619,0.12232878523513542,0.023072745772018215
620,0.12232878523513542,0.023072745772018215
621,0.12232878523513542,0.023072745772018215
622,0.12232878523513542,0.023072745772018215
623,0.12232878523513542,0.023072745772018215
624,0.12232878523513542,0.023072745772018215
625,0.12232878523513542,0.023072745772018215
626,0.12232878523513542,0.023072745772018215
627,0.12232878523513542,0.023072745772018215
628,0.12232878523513542,0.023072745772018215
629,0.12232878523513542,0.023072745772018215
630,0.12232878523513542,0.023072745772018215
631,0.12232878523513542,0.023072745772018215
632,0.12232878523513542,0.023072745772018215
633,0.12232878523513542,0.023072745772018215
634,0.12232878523513542,0.023072745772018215
635,0.12232878523513542,0.023072745772018215
636,0.12232878523513542,0.023072745772018215
637,0.12232878523513542,0.023072745772018215
638,0.12232878523513542,0.023072745772018215
639,0.12232878523513542,0.023072745772018215
640,0.12232878523513542,0.023072745772018215
641,0.12232878523513542,0.023072745772018215
642,0.12232878523513542,0.023072745772018215
643,0.12232878523513542,0.023072745772018215
644,0.12232878523513542,0.023072745772018215
645,0.12232878523513542,0.023072745772018215
646,0.12232878523513542,0.023072745772018215
647,0.12232878523513542,0.023072745772018215
648,0.12232878523513542,0.023072745772018215
649,0.12232878523513542,0.023072745772018215
650,0.12232878523513542,0.023072745772018215
651,0.12232878523513542,0.023072745772018215
652,0.12232878523513542,0.023072745772018215
653,0.12232878523513542,0.023072745772018215
654,0.12232878523513542,0.023072745772018215
655,0.12232878523513542,0.023072745772018215
656,0.12232878523513542,0.023072745772018215
657,0.12232878523513542,0.023072745772018215
658,0.12232878523513542,0.023072745772018215
659,0.12232878523513542,0.023072745772018215
660,0.12232878523513542,0.023072745772018215
661,0.12232878523513542,0.023072745772018215
662,0.12232878523513542,0.023072745772018215
663,0.12232878523513542,0.023072745772018215
664,0.12232878523513542,0.023072745772018215
665,0.12232878523513542,0.023072745772018215
666,0.12232878523513542,0.023072745772018215
667,0.12232878523513542,0.023072745772018215
668,0.12232878523513542,0.023072745772018215
669,0.12232878523513542,0.023072745772018215
670,0.12232878523513542,0.023072745772018215
671,0.12232878523513542,0.023072745772018215
672,0.12232878523513542,0.023072745772018215
673,0.12232878523513542,0.023072745772018215
674,0.12232878523513542,0.023072745772018215
675,0.12232878523513542,0.023072745772018215
676,0.12232878523513542,0.023072745772018215
677,0.12232878523513542,0.023072745772018215
678,0.12232878523513542,0.023072745772018215
679,0.12232878523513542,0.023072745772018215
680,0.12232878523513542,0.023072745772018215
681,0.12232878523513542,0.023072745772018215
682,0.12232878523513542,0.023072745772018215
683,0.12232878523513542,0.023072745772018215
684,0.12232878523513542,0.023072745772018215
685,0.12232878523513542,0.023072745772018215
686,0.12232878523513542,0.023072745772018215
687,0.12232878523513542,0.023072745772018215
688,0.12232878523513542,0.023072745772018215
689,0.12232878523513542,0.023072745772018215
690,0.12232878523513542,0.023072745772018215
691,0.12232878523513542,0.023072745772018215
692,0.12232878523513542,0.023072745772018215
693,0.12232878523513542,0.023072745772018215
694,0.12232878523513542,0.023072745772018215
695,0.12232878523513542,0.023072745772018215
696,0.12232878523513542,0.023072745772018215
697,0.12232878523513542,0.023072745772018215
698,0.12232878523513542,0.023072745772018215
699,0.12232878523513542,0.023072745772018215
700,0.12232878523513542,0.023072745772018215
701,0.12232878523513542,0.023072745772018215
702,0.12232878523513542,0.023072745772018215
703,0.12232878523513542,0.023072745772018215
704,0.12232878523513542,0.023072745772018215
705,0.12232878523513542,0.023072745772018215
706,0.12232878523513542,0.023072745772018215
707,0.12232878523513542,0.023072745772018215
708,0.12232878523513542,0.023072745772018215
709,0.12232878523513542,0.023072745772018215
710,0.12232878523513542,0.023072745772018215
711,0.12232878523513542,0.023072745772018215
712,0.12232878523513542,0.023072745772018215
713,0.12232878523513542,0.023072745772018215
714,0.12232878523513542,0.023072745772018215
715,0.12232878523513542,0.023072745772018215
716,0.12232878523513542,0.023072745772018215
717,0.12232878523513542,0.023072745772018215
718,0.12232878523513542,0.023072745772018215
719,0.12232878523513542,0.023072745772018215
720,0.12232878523513542,0.023072745772018215
721,0.12232878523513542,0.023072745772018215
722,0.12232878523513542,0.023072745772018215
723,0.12232878523513542,0.023072745772018215
724,0.12232878523513542,0.023072745772018215
725,0.12232878523513542,0.023072745772018215
726,0.12232878523513542,0.023072745772018215
727,0.12232878523513542,0.023072745772018215
728,0.12232878523513542,0.023072745772018215
729,0.12232878523513542,0.023072745772018215
730,0.12232878523513542,0.023072745772018215
731,0.12232878523513542,0.023072745772018215
732,0.12232878523513542,0.023072745772018215
733,0.12232878523513542,0.023072745772018215
734,0.12232878523513542,0.023072745772018215
735,0.12232878523513542,0.023072745772018215
736,0.12232878523513542,0.023072745772018215
737,0.12232878523513542,0.023072745772018215
738,0.12232878523513542,0.023072745772018215
739,0.12232878523513542,0.023072745772018215
740,0.12232878523513542,0.023072745772018215
741,0.12232878523513542,0.023072745772018215
742,0.12232878523513542,0.023072745772018215
743,0.12232878523513542,0.023072745772018215
744,0.12232878523513542,0.023072745772018215
745,0.12232878523513542,0.023072745772018215
746,0.12232878523513542,0.023072745772018215
747,0.12232878523513542,0.023072745772018215
748,0.12232878523513542,0.023072745772018215
749,0.12232878523513542,0.023072745772018215
750,0.12232878523513542,0.023072745772018215
751,0.12232878523513542,0.023072745772018215
752,0.12232878523513542,0.023072745772018215
753,0.12232878523513542,0.023072745772018215
754,0.12232878523513542,0.023072745772018215
755,0.12232878523513542,0.023072745772018215
756,0.12232878523513542,0.023072745772018215
757,0.12232878523513542,0.023072745772018215
758,0.12232878523513542,0.023072745772018215
759,0.12232878523513542,0.023072745772018215
760,0.12232878523513542,0.023072745772018215
761,0.12232878523513542,0.023072745772018215
762,0.12232878523513542,0.023072745772018215
763,0.12232878523513542,0.023072745772018215
764,0.12232878523513542,0.023072745772018215
765,0.12232878523513542,0.023072745772018215
766,0.12232878523513542,0.023072745772018215
767,0.12232878523513542,0.023072745772018215
768,0.12232878523513542,0.023072745772018215
769,0.12232878523513542,0.023072745772018215
770,0.12232878523513542,0.023072745772018215
771,0.12232878523513542,0.023072745772018215
772,0.12232878523513542,0.023072745772018215
773,0.12232878523513542,0.023072745772018215
774,0.12232878523513542,0.023072745772018215
775,0.12232878523513542,0.023072745772018215
776,0.12232878523513542,0.023072745772018215
777,0.12232878523513542,0.023072745772018215
778,0.12232878523513542,0.023072745772018215
779,0.12232878523513542,0.023072745772018215
780,0.12232878523513542,0.023072745772018215
781,0.12232878523513542,0.023072745772018215
782,0.12232878523513542,0.023072745772018215
783,0.12232878523513542,0.023072745772018215
784,0.12232878523513542,0.023072745772018215
785,0.12232878523513542,0.023072745772018215
786,0.12232878523513542,0.023072745772018215
787,0.12232878523513542,0.023072745772018215
788,0.12232878523513542,0.023072745772018215
789,0.12232878523513542,0.023072745772018215
790,0.12232878523513542,0.023072745772018215
791,0.12232878523513542,0.023072745772018215
792,0.12232878523513542,0.023072745772018215
793,0.12232878523513542,0.023072745772018215
794,0.12232878523513542,0.023072745772018215
795,0.12232878523513542,0.023072745772018215
796,0.12232878523513542,0.023072745772018215
797,0.12232878523513542,0.023072745772018215
798,0.12232878523513542,0.023072745772018215
799,0.12232878523513542,0.023072745772018215
800,0.12232878523513542,0.023072745772018215
801,0.12232878523513542,0.023072745772018215
802,0.12232878523513542,0.023072745772018215
803,0.12232878523513542,0.023072745772018215
804,0.12232878523513542,0.023072745772018215
805,0.12232878523513542,0.023072745772018215
806,0.12232878523513542,0.023072745772018215
807,0.12232878523513542,0.023072745772018215
808,0.12232878523513542,0.023072745772018215
809,0.12232878523513542,0.023072745772018215
810,0.12232878523513542,0.023072745772018215
811,0.12232878523513542,0.023072745772018215
812,0.12232878523513542,0.023072745772018215
813,0.12232878523513542,0.023072745772018215
814,0.12232878523513542,0.023072745772018215
815,0.12232878523513542,0.023072745772018215
816,0.12232878523513542,0.023072745772018215
817,0.12232878523513542,0.023072745772018215
818,0.12232878523513542,0.023072745772018215
819,0.12232878523513542,0.023072745772018215
820,0.12232878523513542,0.023072745772018215
821,0.12232878523513542,0.023072745772018215
822,0.12232878523513542,0.023072745772018215
823,0.12232878523513542,0.023072745772018215
824,0.12232878523513542,0.023072745772018215
825,0.12232878523513542,0.023072745772018215
826,0.12232878523513542,0.023072745772018215
827,0.12232878523513542,0.023072745772018215
828,0.12232878523513542,0.023072745772018215
829,0.12232878523513542,0.023072745772018215
830,0.12232878523513542,0.023072745772018215
831,0.12232878523513542,0.023072745772018215
832,0.12232878523513542,0.023072745772018215
833,0.12232878523513542,0.023072745772018215
834,0.12232878523513542,0.023072745772018215
835,0.12232878523513542,0.023072745772018215
836,0.12232878523513542,0.023072745772018215
837,0.12232878523513542,0.023072745772018215
838,0.12232878523513542,0.023072745772018215
839,0.12232878523513542,0.023072745772018215
840,0.12232878523513542,0.023072745772018215
841,0.12232878523513542,0.023072745772018215
842,0.12232878523513542,0.023072745772018215
843,0.12232878523513542,0.023072745772018215
844,0.12232878523513542,0.023072745772018215
845,0.12232878523513542,0.023072745772018215
846,0.12232878523513542,0.023072745772018215
847,0.12232878523513542,0.023072745772018215
848,0.12232878523513542,0.023072745772018215
849,0.12232878523513542,0.023072745772018215
850,0.12232878523513542,0.023072745772018215
851,0.12232878523513542,0.023072745772018215
852,0.12232878523513542,0.023072745772018215
853,0.12232878523513542,0.023072745772018215
854,0.12232878523513542,0.023072745772018215
855,0.12232878523513542,0.023072745772018215
856,0.12232878523513542,0.023072745772018215
857,0.12232878523513542,0.023072745772018215
858,0.12232878523513542,0.023072745772018215
859,0.12232878523513542,0.023072745772018215
860,0.12232878523513542,0.023072745772018215
861,0.12232878523513542,0.023072745772018215
862,0.12232878523513542,0.023072745772018215
863,0.12232878523513542,0.023072745772018215
864,0.12232878523513542,0.023072745772018215
865,0.12232878523513542,0.023072745772018215
866,0.12232878523513542,0.023072745772018215
867,0.12232878523513542,0.023072745772018215
868,0.12232878523513542,0.023072745772018215
869,0.12232878523513542,0.023072745772018215
870,0.12232878523513542,0.023072745772018215
871,0.12232878523513542,0.023072745772018215
872,0.12232878523513542,0.023072745772018215
873,0.12232878523513542,0.023072745772018215
874,0.12232878523513542,0.023072745772018215
875,0.12232878523513542,0.023072745772018215
876,0.12232878523513542,0.023072745772018215
877,0.12232878523513542,0.023072745772018215
878,0.12232878523513542,0.023072745772018215
879,0.12232878523513542,0.023072745772018215
880,0.12232878523513542,0.023072745772018215
881,0.12232878523513542,0.023072745772018215
882,0.12232878523513542,0.023072745772018215
883,0.12232878523513542,0.023072745772018215
884,0.12232878523513542,0.023072745772018215
885,0.12232878523513542,0.023072745772018215
886,0.12232878523513542,0.023072745772018215
887,0.12232878523513542,0.023072745772018215
888,0.12232878523513542,0.023072745772018215
889,0.12232878523513542,0.023072745772018215
890,0.12232878523513542,0.023072745772018215
891,0.12232878523513542,0.023072745772018215
892,0.12232878523513542,0.023072745772018215
893,0.12232878523513542,0.023072745772018215
894,0.12232878523513542,0.023072745772018215
895,0.12232878523513542,0.023072745772018215
896,0.12232878523513542,0.023072745772018215
897,0.12232878523513542,0.023072745772018215
898,0.12232878523513542,0.023072745772018215
899,0.12232878523513542,0.023072745772018215
900,0.12232878523513542,0.023072745772018215
901,0.12232878523513542,0.023072745772018215
902,0.12232878523513542,0.023072745772018215
903,0.12232878523513542,0.023072745772018215
904,0.12232878523513542,0.023072745772018215
905,0.12232878523513542,0.023072745772018215
906,0.12232878523513542,0.023072745772018215
907,0.12232878523513542,0.023072745772018215
908,0.12232878523513542,0.023072745772018215
909,0.12232878523513542,0.023072745772018215
910,0.12232878523513542,0.023072745772018215
911,0.12232878523513542,0.023072745772018215
912,0.12232878523513542,0.023072745772018215
913,0.12232878523513542,0.023072745772018215
914,0.12232878523513542,0.023072745772018215
915,0.12232878523513542,0.023072745772018215
916,0.12232878523513542,0.023072745772018215
917,0.12232878523513542,0.023072745772018215
918,0.12232878523513542,0.023072745772018215
919,0.12232878523513542,0.023072745772018215
920,0.12232878523513542,0.023072745772018215
921,0.12232878523513542,0.023072745772018215
922,0.12232878523513542,0.023072745772018215
923,0.12232878523513542,0.023072745772018215
924,0.12232878523513542,0.023072745772018215
925,0.12232878523513542,0.023072745772018215
926,0.12232878523513542,0.023072745772018215
927,0.12232878523513542,0.023072745772018215
928,0.12232878523513542,0.023072745772018215
929,0.12232878523513542,0.023072745772018215
930,0.12232878523513542,0.023072745772018215
931,0.12232878523513542,0.023072745772018215
932,0.12232878523513542,0.023072745772018215
933,0.12232878523513542,0.023072745772018215
934,0.12232878523513542,0.023072745772018215
935,0.12232878523513542,0.023072745772018215
936,0.12232878523513542,0.023072745772018215
937,0.12232878523513542,0.023072745772018215
938,0.12232878523513542,0.023072745772018215
939,0.12232878523513542,0.023072745772018215
940,0.12232878523513542,0.023072745772018215
941,0.12232878523513542,0.023072745772018215
942,0.12232878523513542,0.023072745772018215
943,0.12232878523513542,0.023072745772018215
944,0.12232878523513542,0.023072745772018215
945,0.12232878523513542,0.023072745772018215
946,0.12232878523513542,0.023072745772018215
947,0.12232878523513542,0.023072745772018215
948,0.12232878523513542,0.023072745772018215
949,0.12232878523513542,0.023072745772018215
950,0.12232878523513542,0.023072745772018215
951,0.12232878523513542,0.023072745772018215
952,0.12232878523513542,0.023072745772018215
953,0.12232878523513542,0.023072745772018215
954,0.12232878523513542,0.023072745772018215
955,0.12232878523513542,0.023072745772018215
956,0.12232878523513542,0.023072745772018215
957,0.12232878523513542,0.023072745772018215
958,0.12232878523513542,0.023072745772018215
959,0.12232878523513542,0.023072745772018215
960,0.12232878523513542,0.023072745772018215
961,0.12232878523513542,0.023072745772018215
962,0.12232878523513542,0.023072745772018215
963,0.12232878523513542,0.023072745772018215
964,0.12232878523513542,0.023072745772018215
965,0.12232878523513542,0.023072745772018215
966,0.12232878523513542,0.023072745772018215
967,0.12232878523513542,0.023072745772018215
968,0.12232878523513542,0.023072745772018215
969,0.12232878523513542,0.023072745772018215
970,0.12232878523513542,0.023072745772018215
971,0.12232878523513542,0.023072745772018215
972,0.12232878523513542,0.023072745772018215
973,0.12232878523513542,0.023072745772018215
974,0.12232878523513542,0.023072745772018215
975,0.12232878523513542,0.023072745772018215
976,0.12232878523513542,0.023072745772018215
977,0.12232878523513542,0.023072745772018215
978,0.12232878523513542,0.023072745772018215
979,0.12232878523513542,0.023072745772018215
980,0.12232878523513542,0.023072745772018215
981,0.12232878523513542,0.023072745772018215
982,0.12232878523513542,0.023072745772018215
983,0.12232878523513542,0.023072745772018215
984,0.12232878523513542,0.023072745772018215
985,0.12232878523513542,0.023072745772018215
986,0.12232878523513542,0.023072745772018215
987,0.12232878523513542,0.023072745772018215
988,0.12232878523513542,0.023072745772018215
989,0.12232878523513542,0.023072745772018215
990,0.12232878523513542,0.023072745772018215
991,0.12232878523513542,0.023072745772018215
992,0.12232878523513542,0.023072745772018215
993,0.12232878523513542,0.023072745772018215
994,0.12232878523513542,0.023072745772018215
995,0.12232878523513542,0.023072745772018215
996,0.12232878523513542,0.023072745772018215
997,0.12232878523513542,0.023072745772018215
998,0.12232878523513542,0.023072745772018215
999,0.12232878523513542,0.023072745772018215
1000,0.12232878523513542,0.023072745772018215
1001,0.12232878523513542,0.023072745772018215
1002,0.12232878523513542,0.023072745772018215
1003,0.12232878523513542,0.023072745772018215
1004,0.12232878523513542,0.023072745772018215
1005,0.12232878523513542,0.023072745772018215
1006,0.12232878523513542,0.023072745772018215
1007,0.12232878523513542,0.023072745772018215
1008,0.12232878523513542,0.023072745772018215
1009,0.12232878523513542,0.023072745772018215
1010,0.12232878523513542,0.023072745772018215
1011,0.12232878523513542,0.023072745772018215
1012,0.12232878523513542,0.023072745772018215
1013,0.12232878523513542,0.023072745772018215
1014,0.12232878523513542,0.023072745772018215
1015,0.12232878523513542,0.023072745772018215
1016,0.12232878523513542,0.023072745772018215
1017,0.12232878523513542,0.023072745772018215
1018,0.12232878523513542,0.023072745772018215
1019,0.12232878523513542,0.023072745772018215
1020,0.12232878523513542,0.023072745772018215
1021,0.12232878523513542,0.023072745772018215
1022,0.12232878523513542,0.023072745772018215
1023,0.12232878523513542,0.023072745772018215
1024,0.12232878523513542,0.023072745772018215
1025,0.12232878523513542,0.023072745772018215
1026,0.12232878523513542,0.023072745772018215
1027,0.12232878523513542,0.023072745772018215
1028,0.12232878523513542,0.023072745772018215
1029,0.12232878523513542,0.023072745772018215
1030,0.12232878523513542,0.023072745772018215
1031,0.12232878523513542,0.023072745772018215
1032,0.12232878523513542,0.023072745772018215
1033,0.12232878523513542,0.023072745772018215
1034,0.12232878523513542,0.023072745772018215
1035,0.12232878523513542,0.023072745772018215
1036,0.12232878523513542,0.023072745772018215
1037,0.12232878523513542,0.023072745772018215
1038,0.12232878523513542,0.023072745772018215
1039,0.12232878523513542,0.023072745772018215
1040,0.12232878523513542,0.023072745772018215
1041,0.12232878523513542,0.023072745772018215
1042,0.12232878523513542,0.023072745772018215
1043,0.12232878523513542,0.023072745772018215
1044,0.12232878523513542,0.023072745772018215
1045,0.12232878523513542,0.023072745772018215
1046,0.12232878523513542,0.023072745772018215
1047,0.12232878523513542,0.023072745772018215
1048,0.12232878523513542,0.023072745772018215
1049,0.12232878523513542,0.023072745772018215
1050,0.12232878523513542,0.023072745772018215
1051,0.12232878523513542,0.023072745772018215
1052,0.12232878523513542,0.023072745772018215
1053,0.12232878523513542,0.023072745772018215
1054,0.12232878523513542,0.023072745772018215
1055,0.12232878523513542,0.023072745772018215
1056,0.12232878523513542,0.023072745772018215
1057,0.12232878523513542,0.023072745772018215
1058,0.12232878523513542,0.023072745772018215
1059,0.12232878523513542,0.023072745772018215
1060,0.12232878523513542,0.023072745772018215
1061,0.12232878523513542,0.023072745772018215
1062,0.12232878523513542,0.023072745772018215
1063,0.12232878523513542,0.023072745772018215
1064,0.12232878523513542,0.023072745772018215
1065,0.12232878523513542,0.023072745772018215
1066,0.12232878523513542,0.023072745772018215
1067,0.12232878523513542,0.023072745772018215
1068,0.12232878523513542,0.023072745772018215
1069,0.12232878523513542,0.023072745772018215
1070,0.12232878523513542,0.023072745772018215
1071,0.12232878523513542,0.023072745772018215
1072,0.12232878523513542,0.023072745772018215
1073,0.12232878523513542,0.023072745772018215
1074,0.12232878523513542,0.023072745772018215
1075,0.12232878523513542,0.023072745772018215
1076,0.12232878523513542,0.023072745772018215
1077,0.12232878523513542,0.023072745772018215
1078,0.12232878523513542,0.023072745772018215
1079,0.12232878523513542,0.023072745772018215
1080,0.12232878523513542,0.023072745772018215
1081,0.12232878523513542,0.023072745772018215
1082,0.12232878523513542,0.023072745772018215
1083,0.12232878523513542,0.023072745772018215
1084,0.12232878523513542,0.023072745772018215
1085,0.12232878523513542,0.023072745772018215
1086,0.12232878523513542,0.023072745772018215
1087,0.12232878523513542,0.023072745772018215
1088,0.12232878523513542,0.023072745772018215
1089,0.12232878523513542,0.023072745772018215
1090,0.12232878523513542,0.023072745772018215
1091,0.12232878523513542,0.023072745772018215
1092,0.12232878523513542,0.023072745772018215
1093,0.12232878523513542,0.023072745772018215
1094,0.12232878523513542,0.023072745772018215
1095,0.12232878523513542,0.023072745772018215
1096,0.12232878523513542,0.023072745772018215
1097,0.12232878523513542,0.023072745772018215
1098,0.12232878523513542,0.023072745772018215
1099,0.12232878523513542,0.023072745772018215
1100,0.12232878523513542,0.023072745772018215
1101,0.12232878523513542,0.023072745772018215
1102,0.12232878523513542,0.023072745772018215
1103,0.12232878523513542,0.023072745772018215
1104,0.12232878523513542,0.023072745772018215
1105,0.12232878523513542,0.023072745772018215
1106,0.12232878523513542,0.023072745772018215
1107,0.12232878523513542,0.023072745772018215
1108,0.12232878523513542,0.023072745772018215
1109,0.12232878523513542,0.023072745772018215
1110,0.12232878523513542,0.023072745772018215
1111,0.12232878523513542,0.023072745772018215
1112,0.12232878523513542,0.023072745772018215
1113,0.12232878523513542,0.023072745772018215
1114,0.12232878523513542,0.023072745772018215
1115,0.12232878523513542,0.023072745772018215
1116,0.12232878523513542,0.023072745772018215
1117,0.12232878523513542,0.023072745772018215
1118,0.12232878523513542,0.023072745772018215
1119,0.12232878523513542,0.023072745772018215
1120,0.12232878523513542,0.023072745772018215
1121,0.12232878523513542,0.023072745772018215
1122,0.12232878523513542,0.023072745772018215
1123,0.12232878523513542,0.023072745772018215
1124,0.12232878523513542,0.023072745772018215
1125,0.12232878523513542,0.023072745772018215
1126,0.12232878523513542,0.023072745772018215
1127,0.12232878523513542,0.023072745772018215
1128,0.12232878523513542,0.023072745772018215
1129,0.12232878523513542,0.023072745772018215
1130,0.12232878523513542,0.023072745772018215
1131,0.12232878523513542,0.023072745772018215
1132,0.12232878523513542,0.023072745772018215
1133,0.12232878523513542,0.023072745772018215
1134,0.12232878523513542,0.023072745772018215
1135,0.12232878523513542,0.023072745772018215
1136,0.12232878523513542,0.023072745772018215
1137,0.12232878523513542,0.023072745772018215
1138,0.12232878523513542,0.023072745772018215
1139,0.12232878523513542,0.023072745772018215
1140,0.12232878523513542,0.023072745772018215
1141,0.12232878523513542,0.023072745772018215
1142,0.12232878523513542,0.023072745772018215
1143,0.12232878523513542,0.023072745772018215
1144,0.12232878523513542,0.023072745772018215
1145,0.12232878523513542,0.023072745772018215
1146,0.12232878523513542,0.023072745772018215
1147,0.12232878523513542,0.023072745772018215
1148,0.12232878523513542,0.023072745772018215
1149,0.12232878523513542,0.023072745772018215
1150,0.12232878523513542,0.023072745772018215
1151,0.12232878523513542,0.023072745772018215
1152,0.12232878523513542,0.023072745772018215
1153,0.12232878523513542,0.023072745772018215
1154,0.12232878523513542,0.023072745772018215
1155,0.12232878523513542,0.023072745772018215
1156,0.12232878523513542,0.023072745772018215
1157,0.12232878523513542,0.023072745772018215
1158,0.12232878523513542,0.023072745772018215
1159,0.12232878523513542,0.023072745772018215
1160,0.12232878523513542,0.023072745772018215
1161,0.12232878523513542,0.023072745772018215
1162,0.12232878523513542,0.023072745772018215
1163,0.12232878523513542,0.023072745772018215
1164,0.12232878523513542,0.023072745772018215
1165,0.12232878523513542,0.023072745772018215
1166,0.12232878523513542,0.023072745772018215
1167,0.12232878523513542,0.023072745772018215
1168,0.12232878523513542,0.023072745772018215
1169,0.12232878523513542,0.023072745772018215
1170,0.12232878523513542,0.023072745772018215
1171,0.12232878523513542,0.023072745772018215
1172,0.12232878523513542,0.023072745772018215
1173,0.12232878523513542,0.023072745772018215
1174,0.12232878523513542,0.023072745772018215
1175,0.12232878523513542,0.023072745772018215
1176,0.12232878523513542,0.023072745772018215
1177,0.12232878523513542,0.023072745772018215
1178,0.12232878523513542,0.023072745772018215
1179,0.12232878523513542,0.023072745772018215
1180,0.12232878523513542,0.023072745772018215
1181,0.12232878523513542,0.023072745772018215
1182,0.12232878523513542,0.023072745772018215
1183,0.12232878523513542,0.023072745772018215
1184,0.12232878523513542,0.023072745772018215
1185,0.12232878523513542,0.023072745772018215
1186,0.12232878523513542,0.023072745772018215
1187,0.12232878523513542,0.023072745772018215
1188,0.12232878523513542,0.023072745772018215
1189,0.12232878523513542,0.023072745772018215
1190,0.12232878523513542,0.023072745772018215
1191,0.12232878523513542,0.023072745772018215
1192,0.12232878523513542,0.023072745772018215
1193,0.12232878523513542,0.023072745772018215
1194,0.12232878523513542,0.023072745772018215
1195,0.12232878523513542,0.023072745772018215
1196,0.12232878523513542,0.023072745772018215
1197,0.12232878523513542,0.023072745772018215
1198,0.12232878523513542,0.023072745772018215
1199,0.12232878523513542,0.023072745772018215
1200,0.12232878523513542,0.023072745772018215
1201,0.12232878523513542,0.023072745772018215
1202,0.12232878523513542,0.023072745772018215
1203,0.12232878523513542,0.023072745772018215
1204,0.12232878523513542,0.023072745772018215
1205,0.12232878523513542,0.023072745772018215
1206,0.12232878523513542,0.023072745772018215
1207,0.12232878523513542,0.023072745772018215
1208,0.12232878523513542,0.023072745772018215
1209,0.12232878523513542,0.023072745772018215
1210,0.12232878523513542,0.023072745772018215
1211,0.12232878523513542,0.023072745772018215
1212,0.12232878523513542,0.023072745772018215
1213,0.12232878523513542,0.023072745772018215
1214,0.12232878523513542,0.023072745772018215
1215,0.12232878523513542,0.023072745772018215
1216,0.12232878523513542,0.023072745772018215
1217,0.12232878523513542,0.023072745772018215
1218,0.12232878523513542,0.023072745772018215
1219,0.12232878523513542,0.023072745772018215
1220,0.12232878523513542,0.023072745772018215
1221,0.12232878523513542,0.023072745772018215
1222,0.12232878523513542,0.023072745772018215
1223,0.12232878523513542,0.023072745772018215
1224,0.12232878523513542,0.023072745772018215
1225,0.12232878523513542,0.023072745772018215
1226,0.12232878523513542,0.023072745772018215
1227,0.12232878523513542,0.023072745772018215
1228,0.12232878523513542,0.023072745772018215
1229,0.12232878523513542,0.023072745772018215
1230,0.12232878523513542,0.023072745772018215
1231,0.12232878523513542,0.023072745772018215
1232,0.12232878523513542,0.023072745772018215
1233,0.12232878523513542,0.023072745772018215
1234,0.12232878523513542,0.023072745772018215
1235,0.12232878523513542,0.023072745772018215
1236,0.12232878523513542,0.023072745772018215
1237,0.12232878523513542,0.023072745772018215
1238,0.12232878523513542,0.023072745772018215
1239,0.12232878523513542,0.023072745772018215
1240,0.12232878523513542,0.023072745772018215
1241,0.12232878523513542,0.023072745772018215
1242,0.12232878523513542,0.023072745772018215
1243,0.12232878523513542,0.023072745772018215
1244,0.12232878523513542,0.023072745772018215
1245,0.12232878523513542,0.023072745772018215
1246,0.12232878523513542,0.023072745772018215
1247,0.12232878523513542,0.023072745772018215
1248,0.12232878523513542,0.023072745772018215
1249,0.12232878523513542,0.023072745772018215
1250,0.12232878523513542,0.023072745772018215
1251,0.12232878523513542,0.023072745772018215
1252,0.12232878523513542,0.023072745772018215
1253,0.12232878523513542,0.023072745772018215
1254,0.12232878523513542,0.023072745772018215
1255,0.12232878523513542,0.023072745772018215
1256,0.12232878523513542,0.023072745772018215
1257,0.12232878523513542,0.023072745772018215
1258,0.12232878523513542,0.023072745772018215
1259,0.12232878523513542,0.023072745772018215
1260,0.12232878523513542,0.023072745772018215
1261,0.12232878523513542,0.023072745772018215
1262,0.12232878523513542,0.023072745772018215
1263,0.12232878523513542,0.023072745772018215
1264,0.12232878523513542,0.023072745772018215
1265,0.12232878523513542,0.023072745772018215
1266,0.12232878523513542,0.023072745772018215
1267,0.12232878523513542,0.023072745772018215
1268,0.12232878523513542,0.023072745772018215
1269,0.12232878523513542,0.023072745772018215
1270,0.12232878523513542,0.023072745772018215
1271,0.12232878523513542,0.023072745772018215
1272,0.12232878523513542,0.023072745772018215
1273,0.12232878523513542,0.023072745772018215
1274,0.12232878523513542,0.023072745772018215
1275,0.12232878523513542,0.023072745772018215
1276,0.12232878523513542,0.023072745772018215
1277,0.12232878523513542,0.023072745772018215
1278,0.12232878523513542,0.023072745772018215
1279,0.12232878523513542,0.023072745772018215
1280,0.12232878523513542,0.023072745772018215
1281,0.12232878523513542,0.023072745772018215
1282,0.12232878523513542,0.023072745772018215
1283,0.12232878523513542,0.023072745772018215
1284,0.12232878523513542,0.023072745772018215
1285,0.12232878523513542,0.023072745772018215
1286,0.12232878523513542,0.023072745772018215
1287,0.12232878523513542,0.023072745772018215
1288,0.12232878523513542,0.023072745772018215
1289,0.12232878523513542,0.023072745772018215
1290,0.12232878523513542,0.023072745772018215
1291,0.12232878523513542,0.023072745772018215
1292,0.12232878523513542,0.023072745772018215
1293,0.12232878523513542,0.023072745772018215
1294,0.12232878523513542,0.023072745772018215
1295,0.12232878523513542,0.023072745772018215
1296,0.12232878523513542,0.023072745772018215
1297,0.12232878523513542,0.023072745772018215
1298,0.12232878523513542,0.023072745772018215
1299,0.12232878523513542,0.023072745772018215
1300,0.12232878523513542,0.023072745772018215
1301,0.12232878523513542,0.023072745772018215
1302,0.12232878523513542,0.023072745772018215
1303,0.12232878523513542,0.023072745772018215
1304,0.12232878523513542,0.023072745772018215
1305,0.12232878523513542,0.023072745772018215
1306,0.12232878523513542,0.023072745772018215
1307,0.12232878523513542,0.023072745772018215
1308,0.12232878523513542,0.023072745772018215
1309,0.12232878523513542,0.023072745772018215
1310,0.12232878523513542,0.023072745772018215
1311,0.12232878523513542,0.023072745772018215
1312,0.12232878523513542,0.023072745772018215
1313,0.12232878523513542,0.023072745772018215
1314,0.12232878523513542,0.023072745772018215
1315,0.12232878523513542,0.023072745772018215
1316,0.12232878523513542,0.023072745772018215
1317,0.12232878523513542,0.023072745772018215
1318,0.12232878523513542,0.023072745772018215
1319,0.12232878523513542,0.023072745772018215
1320,0.12232878523513542,0.023072745772018215
1321,0.12232878523513542,0.023072745772018215
1322,0.12232878523513542,0.023072745772018215
1323,0.12232878523513542,0.023072745772018215
1324,0.12232878523513542,0.023072745772018215
1325,0.12232878523513542,0.023072745772018215
1326,0.12232878523513542,0.023072745772018215
1327,0.12232878523513542,0.023072745772018215
1328,0.12232878523513542,0.023072745772018215
1329,0.12232878523513542,0.023072745772018215
1330,0.12232878523513542,0.023072745772018215
1331,0.12232878523513542,0.023072745772018215
1332,0.12232878523513542,0.023072745772018215
1333,0.12232878523513542,0.023072745772018215
1334,0.12232878523513542,0.023072745772018215
1335,0.12232878523513542,0.023072745772018215
1336,0.12232878523513542,0.023072745772018215
1337,0.12232878523513542,0.023072745772018215
1338,0.12232878523513542,0.023072745772018215
1339,0.12232878523513542,0.023072745772018215
1340,0.12232878523513542,0.023072745772018215
1341,0.12232878523513542,0.023072745772018215
1342,0.12232878523513542,0.023072745772018215
1343,0.12232878523513542,0.023072745772018215
1344,0.12232878523513542,0.023072745772018215
1345,0.12232878523513542,0.023072745772018215
1346,0.12232878523513542,0.023072745772018215
1347,0.12232878523513542,0.023072745772018215
1348,0.12232878523513542,0.023072745772018215
1349,0.12232878523513542,0.023072745772018215
1350,0.12232878523513542,0.023072745772018215
1351,0.12232878523513542,0.023072745772018215
1352,0.12232878523513542,0.023072745772018215
1353,0.12232878523513542,0.023072745772018215
1354,0.12232878523513542,0.023072745772018215
1355,0.12232878523513542,0.023072745772018215
1356,0.12232878523513542,0.023072745772018215
1357,0.12232878523513542,0.023072745772018215
1358,0.12232878523513542,0.023072745772018215
1359,0.12232878523513542,0.023072745772018215
1360,0.12232878523513542,0.023072745772018215
1361,0.12232878523513542,0.023072745772018215
1362,0.12232878523513542,0.023072745772018215
1363,0.12232878523513542,0.023072745772018215
1364,0.12232878523513542,0.023072745772018215
1365,0.12232878523513542,0.023072745772018215
1366,0.12232878523513542,0.023072745772018215
1367,0.12232878523513542,0.023072745772018215
1368,0.12232878523513542,0.023072745772018215
1369,0.12232878523513542,0.023072745772018215
1370,0.12232878523513542,0.023072745772018215
1371,0.12232878523513542,0.023072745772018215
1372,0.12232878523513542,0.023072745772018215
1373,0.12232878523513542,0.023072745772018215
1374,0.12232878523513542,0.023072745772018215
1375,0.12232878523513542,0.023072745772018215
1376,0.12232878523513542,0.023072745772018215
1377,0.12232878523513542,0.023072745772018215
1378,0.12232878523513542,0.023072745772018215
1379,0.12232878523513542,0.023072745772018215
1380,0.12232878523513542,0.023072745772018215
1381,0.12232878523513542,0.023072745772018215
1382,0.12232878523513542,0.023072745772018215
1383,0.12232878523513542,0.023072745772018215
1384,0.12232878523513542,0.023072745772018215
1385,0.12232878523513542,0.023072745772018215
1386,0.12232878523513542,0.023072745772018215
1387,0.12232878523513542,0.023072745772018215
1388,0.12232878523513542,0.023072745772018215
1389,0.12232878523513542,0.023072745772018215
1390,0.12232878523513542,0.023072745772018215
1391,0.12232878523513542,0.023072745772018215
1392,0.12232878523513542,0.023072745772018215
1393,0.12232878523513542,0.023072745772018215
1394,0.12232878523513542,0.023072745772018215
1395,0.12232878523513542,0.023072745772018215
1396,0.12232878523513542,0.023072745772018215
1397,0.12232878523513542,0.023072745772018215
1398,0.12232878523513542,0.023072745772018215
1399,0.12232878523513542,0.023072745772018215
1400,0.12232878523513542,0.023072745772018215
1401,0.12232878523513542,0.023072745772018215
1402,0.12232878523513542,0.023072745772018215
1403,0.12232878523513542,0.023072745772018215
1404,0.12232878523513542,0.023072745772018215
1405,0.12232878523513542,0.023072745772018215
1406,0.12232878523513542,0.023072745772018215
1407,0.12232878523513542,0.023072745772018215
1408,0.12232878523513542,0.023072745772018215
1409,0.12232878523513542,0.023072745772018215
1410,0.12232878523513542,0.023072745772018215
1411,0.12232878523513542,0.023072745772018215
1412,0.12232878523513542,0.023072745772018215
1413,0.12232878523513542,0.023072745772018215
1414,0.12232878523513542,0.023072745772018215
1415,0.12232878523513542,0.023072745772018215
1416,0.12232878523513542,0.023072745772018215
1417,0.12232878523513542,0.023072745772018215
1418,0.12232878523513542,0.023072745772018215
1419,0.12232878523513542,0.023072745772018215
1420,0.12232878523513542,0.023072745772018215
1421,0.12232878523513542,0.023072745772018215
1422,0.12232878523513542,0.023072745772018215
1423,0.12232878523513542,0.023072745772018215
1424,0.12232878523513542,0.023072745772018215
1425,0.12232878523513542,0.023072745772018215
1426,0.12232878523513542,0.023072745772018215
1427,0.12232878523513542,0.023072745772018215
1428,0.12232878523513542,0.023072745772018215
1429,0.12232878523513542,0.023072745772018215
1430,0.12232878523513542,0.023072745772018215
1431,0.12232878523513542,0.023072745772018215
1432,0.12232878523513542,0.023072745772018215
1433,0.12232878523513542,0.023072745772018215
1434,0.12232878523513542,0.023072745772018215
1435,0.12232878523513542,0.023072745772018215
1436,0.12232878523513542,0.023072745772018215
1437,0.12232878523513542,0.023072745772018215
1438,0.12232878523513542,0.023072745772018215
1439,0.12232878523513542,0.023072745772018215
1440,0.12232878523513542,0.023072745772018215
1441,0.12232878523513542,0.023072745772018215
1442,0.12232878523513542,0.023072745772018215
1443,0.12232878523513542,0.023072745772018215
1444,0.12232878523513542,0.023072745772018215
1445,0.12232878523513542,0.023072745772018215
1446,0.12232878523513542,0.023072745772018215
1447,0.12232878523513542,0.023072745772018215
1448,0.12232878523513542,0.023072745772018215
1449,0.12232878523513542,0.023072745772018215
1450,0.12232878523513542,0.023072745772018215
1451,0.12232878523513542,0.023072745772018215
1452,0.12232878523513542,0.023072745772018215
1453,0.12232878523513542,0.023072745772018215
1454,0.12232878523513542,0.023072745772018215
1455,0.12232878523513542,0.023072745772018215
1456,0.12232878523513542,0.023072745772018215
1457,0.12232878523513542,0.023072745772018215
1458,0.12232878523513542,0.023072745772018215
1459,0.12232878523513542,0.023072745772018215
